Workbook

Sheet RateCard
A1: Role | B1: Monthly rate (USD) | C1: Notes
A2: Programme Manager | B2: 9500 | C2: Programme leadership, governance cadence
A3: Solution Architect | B3: 11000 | C3: AI-native architecture, microservice target
A4: Technical Lead | B4: 8000 | C4: One per major workstream
A5: Senior Engineer | B5: 6500 | C5: Platform and domain services
A6: Engineer | B6: 4800 | C6: Feature build, LCNC content
A7: AI/ML Engineer | B7: 8500 | C7: Agents, models, evaluation
A8: QA Engineer | B8: 4200 | C8: Automation-first testing
A9: DevOps Engineer | B9: 6500 | C9: Chassis, CI/CD, environments
A10: BA / Domain SME | B10: 5500 | C10: Maritime domain, UAT support

Sheet Effort
A1: Section / stream | B1: Programme item | C1: MW | D1: MM (=MW/4.33)
A2: §3 | B2: Master Data Management | C2: 89 | D2: =C2/4.33
A3: §4 | B3: Ships (Domain 1) | C3: 83 | D3: =C3/4.33
A4: §5 | B4: Seafarers & MET (Domain 2) | C4: 99 | D4: =C4/4.33
A5: §6 | B5: Legislation (Domain 3) | C5: 72 | D5: =C5/4.33
A6: §7 | B6: National Maritime Centre (Domain 4) | C6: 51 | D6: =C6/4.33
A7: §8 | B7: Smart Inspection & Audit (Domain 5) | C7: 54 | D7: =C7/4.33
A8: §9 | B8: Ports (Domain 6) | C8: 16 | D8: =C8/4.33
A9: §10 | B9: Marine Facilities & Companies (Domain 7) | C9: 14 | D9: =C9/4.33
A10: §11 | B10: Revenue & Billing | C10: 13 | D10: =C10/4.33
A11: §12 | B11: Administration & RBAC | C11: 20 | D11: =C11/4.33
A12: §13 | B12: MIS Reports | C12: 9 | D12: =C12/4.33
A13: §14 | B13: Agentic AI across the platform | C13: 174 | D13: =C13/4.33
... A20: T7 | B20: Programme delivery (D0, D8, D9, D10) | C20: 28 | D20: =C20/4.33
B21: Consolidated programme | C21: =SUM(C2:C20) | D21: =SUM(D2:D20)

Sheet TeamPlan
A1: Role (FTE per window) | B1: M0–M2 | C1: M3–M5 | D1: M6–M8 | E1: M9–M11 | F1: M12–M14 | G1: M15 | H1: Months each → | I1: Person-months | J1: Rate (USD/mo) | K1: Cost (USD)
A2: Programme Manager | B2: 1 | C2: 1 | D2: 1 | E2: 1 | F2: 1 | G2: 1 | I2: =B2*3+C2*3+D2*3+E2*3+F2*3+G2*1 | J2: =INDEX(RateCard!B:B,MATCH(A2,RateCard!A:A,0)) | K2: =I2*J2
A3: Solution Architect | B3: 1 | C3: 1 | D3: 1 | E3: 1 | F3: 0.5 | G3: 0 | I3: =B3*3+C3*3+D3*3+E3*3+F3*3+G3*1 | J3: =INDEX(RateCard!B:B,MATCH(A3,RateCard!A:A,0)) | K3: =I3*J3
A4: Technical Lead | B4: 1 | C4: 2 | D4: 3 | E4: 3 | F4: 2 | G4: 1 | I4: =B4*3+C4*3+D4*3+E4*3+F4*3+G4*1 | J4: =INDEX(RateCard!B:B,MATCH(A4,RateCard!A:A,0)) | K4: =I4*J4
A5: Senior Engineer | B5: 2 | C5: 4 | D5: 5 | E5: 5 | F5: 3 | G5: 2 | I5: =B5*3+C5*3+D5*3+E5*3+F5*3+G5*1 | J5: =INDEX(RateCard!B:B,MATCH(A5,RateCard!A:A,0)) | K5: =I5*J5
A6: Engineer | B6: 1 | C6: 2 | D6: 3 | E6: 3 | F6: 2 | G6: 1 | I6: =B6*3+C6*3+D6*3+E6*3+F6*3+G6*1 | J6: =INDEX(RateCard!B:B,MATCH(A6,RateCard!A:A,0)) | K6: =I6*J6
A7: AI/ML Engineer | B7: 1 | C7: 2 | D7: 2 | E7: 2 | F7: 1.5 | G7: 0.5 | I7: =B7*3+C7*3+D7*3+E7*3+F7*3+G7*1 | J7: =INDEX(RateCard!B:B,MATCH(A7,RateCard!A:A,0)) | K7: =I7*J7
A8: QA Engineer | B8: 0 | C8: 1 | D8: 1.5 | E8: 1.5 | F8: 1.5 | G8: 1.5 | I8: =B8*3+C8*3+D8*3+E8*3+F8*3+G8*1 | J8: =INDEX(RateCard!B:B,MATCH(A8,RateCard!A:A,0)) | K8: =I8*J8
A9: DevOps Engineer | B9: 0.5 | C9: 0.5 | D9: 1 | E9: 1 | F9: 0.5 | G9: 0.5 | I9: =B9*3+C9*3+D9*3+E9*3+F9*3+G9*1 | J9: =INDEX(RateCard!B:B,MATCH(A9,RateCard!A:A,0)) | K9: =I9*J9
A10: BA / Domain SME | B10: 0.5 | C10: 0.5 | D10: 0.5 | E10: 0.5 | F10: 0 | G10: 0.5 | I10: =B10*3+C10*3+D10*3+E10*3+F10*3+G10*1 | J10: =INDEX(RateCard!B:B,MATCH(A10,RateCard!A:A,0)) | K10: =I10*J10
A11: Total FTE / window | B11: =SUM(B2:B10) | C11: =SUM(C2:C10) | D11: =SUM(D2:D10) | E11: =SUM(E2:E10) | F11: =SUM(F2:F10) | G11: =SUM(G2:G10) | I11: =SUM(I2:I10) | K11: =SUM(K2:K10)

Sheet CostSummary
A1: Line | B1: Basis | C1: USD
A2: Programme effort cost | B2: TeamPlan role mix × RateCard | C2: =TeamPlan!K11
A3: Contingency | B3: Rate below on effort cost | C3: =C2*B5
A4: Indicative programme total | C4: =C2+C3
A5: Contingency rate | B5: editable | C5: 0.12
A7: Blended rate check | B7: USD per person-month | C7: =C2/TeamPlan!I11
A9: Excluded — passed through at cost:
A10: · Azure consumption and licences
A11: · AI model usage
A12: · Penetration-testing vendors
A13: · UAE PASS / ICP / payment-gateway / data-provider onboarding fees
A14: · Travel
